Algorithm,Precision@10,Recall@10,F1@10,NDCG@10,Hit Rate,Avg Coverage,Avg Hits
Popularity,0.07575757575757577,0.24819624819624816,0.10482023527337346,0.21585054786177682,0.45454545454545453,1.0,0.7575757575757576
Hybrid,0.10533910533910534,0.07756132756132755,0.0810929810929811,0.13411919404261108,0.18181818181818182,0.23636363636363633,0.18181818181818182
Collaborative,0.05454545454545455,0.19172679172679172,0.07718581415457294,0.15359706921893326,0.3939393939393939,0.9696969696969697,0.5454545454545454
Content Based,0.0,0.0,0.0,0.0,0.0,0.0,0.0
Random,0.0,0.0,0.0,0.0,0.0,0.0,0.0
