algorithm_1,algorithm_2,mean_1,mean_2,mean_difference,t_statistic,p_value,significant,cohens_d,effect_size
hybrid_selected,collaborative_selected,6.342182890855457,5.361172750553282,0.9810101403021756,1.7190671530730282,0.08836482118699371,False,0.1254877704557172,negligible
hybrid_selected,content_based_selected,6.342182890855457,6.047197640117995,0.2949852507374624,0.49585567316768153,0.6209678658043772,False,0.0346808645636567,negligible
collaborative_selected,content_based_selected,5.361172750553282,6.047197640117995,-0.6860248895647132,-0.7994173922872807,0.42574059085146476,False,-0.08714908834454962,negligible
content_based_selected,content_based_all,6.047197640117995,3.480825958702065,2.5663716814159296,4.574656241999866,1.2392117824387866e-05,True,0.3683473518215249,small
collaborative_selected,collaborative_all,5.361172750553282,4.680334414847689,0.6808383357055927,3.6093810241045348,0.00046038959803838055,True,0.09843316415314791,negligible
hybrid_selected,hybrid_all,6.342182890855457,4.070796460176991,2.271386430678466,4.421745862497236,2.2775846194667696e-05,True,0.32312861505502044,small
hybrid_selected,popularity_selected,6.342182890855457,5.6932153392330385,0.6489675516224187,1.1181164974388933,0.26590979707021406,False,0.07752302234017171,negligible
hybrid_selected,random,6.342182890855457,0.6489675516224188,5.6932153392330385,6.879388055360436,3.626750608128549e-10,True,0.9221716438220978,large
