algorithm_1,algorithm_2,mean_1,mean_2,mean_difference,t_statistic,p_value,significant,cohens_d,effect_size
hybrid_selected,collaborative_selected,20.353726957165712,19.78441481244766,0.5693121447180509,0.26537398018282715,0.7920511641870409,False,0.030282776241944108,negligible
hybrid_selected,content_based_selected,20.353726957165712,14.455086849718812,5.8986401074469,2.5457188638888626,0.014761086021142681,True,0.3052024202464112,small
collaborative_selected,content_based_selected,19.78441481244766,14.455086849718812,5.329327962728849,1.634042035625577,0.10990660510384147,False,0.2810059147152807,small
content_based_selected,content_based_all,14.455086849718812,7.875693679696257,6.579393170022556,3.8214224277664464,0.00044242163148564006,True,0.42164183506205394,small
collaborative_selected,collaborative_all,19.78441481244766,13.867408590593644,5.917006221854017,3.854583396507992,0.0004006745338994724,True,0.3706350986370195,small
hybrid_selected,hybrid_all,20.353726957165712,14.027026637320768,6.326700319844944,3.8623309836142026,0.00039148510032693313,True,0.3886507341493292,small
hybrid_selected,popularity_selected,20.353726957165712,12.34123357490599,8.012493382259722,3.1291792443807465,0.003224038197025015,True,0.44850534639472567,small
hybrid_selected,random,20.353726957165712,1.509407817261955,18.844319139903757,6.549007128931847,7.168873005434217e-08,True,1.3574374800165632,large
