algorithm_1,algorithm_2,mean_1,mean_2,mean_difference,t_statistic,p_value,significant,cohens_d,effect_size
hybrid_selected,collaborative_selected,6.907596371882087,6.394557823129253,0.5130385487528342,0.4912585242823193,0.6258631718764398,False,0.0615804484781747,negligible
hybrid_selected,content_based_selected,6.907596371882087,5.796485260770975,1.1111111111111116,1.0446313956854403,0.30231354823858353,False,0.12216465730545975,negligible
collaborative_selected,content_based_selected,6.394557823129253,5.796485260770975,0.5980725623582774,0.3987352744443438,0.6921574160250332,False,0.07225720946249423,negligible
content_based_selected,content_based_all,5.796485260770975,3.4920634920634925,2.3044217687074826,2.726458299397969,0.009375668619749753,True,0.31953687843496964,small
collaborative_selected,collaborative_all,6.394557823129253,4.285714285714286,2.108843537414967,2.914531429137313,0.0057476142255043095,True,0.32317774352034667,small
hybrid_selected,hybrid_all,6.907596371882087,4.285714285714286,2.621882086167801,2.8760023298420436,0.006362284634373686,True,0.3479063059689594,small
hybrid_selected,popularity_selected,6.907596371882087,4.526643990929706,2.3809523809523805,1.8292152119478253,0.07464666366947015,False,0.29897568602163355,small
hybrid_selected,random,6.907596371882087,0.47619047619047616,6.4314058956916105,4.696913370350804,2.956613718728903e-05,True,0.977137540810295,large
