algorithm_1,algorithm_2,mean_1,mean_2,mean_difference,t_statistic,p_value,significant,cohens_d,effect_size
hybrid_selected,collaborative_selected,19.150318869622176,18.62545561424967,0.5248632553725052,0.4227545190962793,0.6732849345338788,False,0.030607400967567467,negligible
hybrid_selected,content_based_selected,19.150318869622176,15.248381473246845,3.901937396375331,3.8791993659503974,0.00017732061210893091,True,0.21824678208224635,small
collaborative_selected,content_based_selected,18.62545561424967,15.248381473246845,3.3770741410028258,1.9501947921165403,0.05365188082167628,False,0.19873211254645418,negligible
content_based_selected,content_based_all,15.248381473246845,8.247688144876841,7.000693328370003,6.117490509770328,1.4287995245854834e-08,True,0.4812328180907607,small
collaborative_selected,collaborative_all,18.62545561424967,16.40710292026866,2.2183526939810108,4.951269880019092,2.6264862863513948e-06,True,0.13831346893689045,negligible
hybrid_selected,hybrid_all,19.150318869622176,13.264180016525914,5.886138853096261,5.554695625982138,1.8984007160672507e-07,True,0.37621869773671185,small
hybrid_selected,popularity_selected,19.150318869622176,15.5233108174347,3.6270080521874757,2.9973800089790497,0.003354483492655317,True,0.20509334833172904,small
hybrid_selected,random,19.150318869622176,1.2445872477116289,17.905731621910547,10.48313108109158,2.4944747913797247e-18,True,1.3797789695571923,large
