algorithm_1,algorithm_2,mean_1,mean_2,mean_difference,t_statistic,p_value,significant,cohens_d,effect_size
hybrid_selected,collaborative_selected,13.622007461266426,14.788174159990799,-1.166166698724373,-0.93781072796148,0.3507971716343321,False,-0.06982737397406041,negligible
hybrid_selected,content_based_selected,13.622007461266426,11.114209249882874,2.5077982113835517,2.1759379888589887,0.03212190627903417,True,0.1618960800672326,negligible
collaborative_selected,content_based_selected,14.788174159990799,11.114209249882874,3.673964910107925,2.200900629240669,0.030245711057440266,True,0.23447323165104983,small
content_based_selected,content_based_all,11.114209249882874,5.810429994490714,5.30377925539216,4.791140440033173,6.335018160205704e-06,True,0.45557491297158537,small
collaborative_selected,collaborative_all,14.788174159990799,12.817494267109767,1.9706798928810318,2.5081620713614554,0.013888006249004934,True,0.12612492335979444,negligible
hybrid_selected,hybrid_all,13.622007461266426,10.711766567154562,2.9102408941118636,3.0008338644542496,0.003464923148570592,True,0.20036978342881503,small
hybrid_selected,popularity_selected,13.622007461266426,10.980861585825133,2.6411458754412926,1.6516414171248694,0.1020170839605573,False,0.1750712553839387,negligible
hybrid_selected,random,13.622007461266426,0.4576292882744496,13.164378172991976,7.569932606753083,2.7967151440286263e-11,True,1.115672314924818,large
