algorithm_1,algorithm_2,mean_1,mean_2,mean_difference,t_statistic,p_value,significant,cohens_d,effect_size
hybrid_selected,collaborative_selected,12.800341668489548,13.014315144846924,-0.21397347635737596,-0.18428053378534584,0.8541628803981985,False,-0.01339450781392587,negligible
hybrid_selected,content_based_selected,12.800341668489548,11.042112283461767,1.7582293850277804,1.69678694984016,0.09281680673283324,False,0.11755305241141578,negligible
collaborative_selected,content_based_selected,13.014315144846924,11.042112283461767,1.9722028613851563,1.322753201429765,0.18890465822453487,False,0.12892597742390188,negligible
content_based_selected,content_based_all,11.042112283461767,5.7520292727905185,5.290083010671249,5.127641661052122,1.4187575732948996e-06,True,0.455196212047742,small
collaborative_selected,collaborative_all,13.014315144846924,11.681739768153902,1.332575376693022,1.9153527882586163,0.05827608295876392,False,0.08815417230407983,negligible
hybrid_selected,hybrid_all,12.800341668489548,9.878486834870008,2.9218548336195393,3.2069583337452623,0.0017971160592324493,True,0.21254194615058244,small
hybrid_selected,popularity_selected,12.800341668489548,10.50373161646154,2.296610052028008,1.567768898811943,0.12006288233050685,False,0.1576578893064481,negligible
hybrid_selected,random,12.800341668489548,0.5171149656443774,12.28322670284517,7.859937506725201,4.315217160906662e-12,True,1.0931064980261147,large
