algorithm_1,algorithm_2,mean_1,mean_2,mean_difference,t_statistic,p_value,significant,cohens_d,effect_size
hybrid_selected,collaborative_selected,6.342182890855457,5.361172750553282,0.9810101403021756,1.5010081033658864,0.13616742728169318,False,0.1254877704557172,negligible
hybrid_selected,content_based_selected,6.342182890855457,5.988200589970502,0.3539823008849554,0.7155871883495737,0.47573547782001646,False,0.04168538361722665,negligible
collaborative_selected,content_based_selected,5.361172750553282,5.988200589970502,-0.6270278394172202,-0.7323222363564872,0.4655016569484366,False,-0.07980719659619107,negligible
content_based_selected,content_based_all,5.988200589970502,3.7758112094395275,2.2123893805309742,4.396807069150146,2.512219068202937e-05,True,0.3098096873643977,small
collaborative_selected,collaborative_all,5.361172750553282,4.680334414847689,0.6808383357055927,3.6093810241045348,0.00046038959803838055,True,0.09843316415314791,negligible
hybrid_selected,hybrid_all,6.342182890855457,4.188790560471976,2.1533923303834808,4.099402239856563,7.871777685982878e-05,True,0.3018184115315676,small
hybrid_selected,popularity_selected,6.342182890855457,5.6932153392330385,0.6489675516224187,1.0955097869184682,0.2756435273907857,False,0.07752302234017171,negligible
hybrid_selected,random,6.342182890855457,0.471976401179941,5.870206489675516,7.652270952526897,7.46408510809561e-12,True,0.9570772947091974,large
