algorithm_1,algorithm_2,mean_1,mean_2,mean_difference,t_statistic,p_value,significant,cohens_d,effect_size
hybrid_selected,collaborative_selected,3.65546218487395,3.662854030501089,-0.007391845627139126,-0.014669809981101735,0.9883245440344895,False,-0.0010211352740747018,negligible
hybrid_selected,content_based_selected,3.65546218487395,3.3613445378151265,0.2941176470588234,0.6236667422522445,0.5342524595256035,False,0.042101872218263996,negligible
collaborative_selected,content_based_selected,3.662854030501089,3.3613445378151265,0.3015094926859625,0.49280161335794354,0.6232224387087064,False,0.04264938873878649,negligible
content_based_selected,content_based_all,3.3613445378151265,2.0588235294117645,1.302521008403362,2.880450290105905,0.004849648435558982,True,0.23227789701925386,small
collaborative_selected,collaborative_all,3.662854030501089,3.235294117647059,0.42755991285403017,1.3800509928087605,0.17061814271576461,False,0.06390024890979232,negligible
hybrid_selected,hybrid_all,3.65546218487395,2.9411764705882355,0.7142857142857144,1.9584287165926366,0.052937863696990384,False,0.11427998229670763,negligible
hybrid_selected,popularity_selected,3.65546218487395,3.4593837535014007,0.1960784313725492,0.3001634999006604,0.7646693736223868,False,0.02860725297952388,negligible
hybrid_selected,random,3.65546218487395,0.5882352941176471,3.0672268907563027,4.095911587767407,8.494918059673372e-05,True,0.5754708451666861,medium
