algorithm_1,algorithm_2,mean_1,mean_2,mean_difference,t_statistic,p_value,significant,cohens_d,effect_size
hybrid_selected,collaborative_selected,12.800341668489548,13.014315144846924,-0.21397347635737596,-0.18428053378534584,0.8541628803981985,False,-0.01339450781392587,negligible
hybrid_selected,content_based_selected,12.800341668489548,10.891282720867498,1.90905894762205,1.7902122013308424,0.07641612439924704,False,0.12749528345603806,negligible
collaborative_selected,content_based_selected,13.014315144846924,10.891282720867498,2.123032423979426,1.404215410009638,0.16332235841616585,False,0.13863827019405134,negligible
content_based_selected,content_based_all,10.891282720867498,5.7520292727905185,5.139253448076979,4.998851255818246,2.4314471245768485e-06,True,0.4414034889867626,small
collaborative_selected,collaborative_all,13.014315144846924,11.681739768153902,1.332575376693022,1.9153527882586163,0.05827608295876392,False,0.08815417230407983,negligible
hybrid_selected,hybrid_all,12.800341668489548,9.878486834870008,2.9218548336195393,3.2069583337452623,0.0017971160592324493,True,0.21254194615058244,small
hybrid_selected,popularity_selected,12.800341668489548,10.50373161646154,2.296610052028008,1.567768898811943,0.12006288233050685,False,0.1576578893064481,negligible
hybrid_selected,random,12.800341668489548,0.4799122446181269,12.32042942387142,7.711718105315113,8.976697619789714e-12,True,1.0962339682945768,large
