algorithm_1,algorithm_2,mean_1,mean_2,mean_difference,t_statistic,p_value,significant,cohens_d,effect_size
hybrid_selected,collaborative_selected,4.009216589861752,4.310035842293908,-0.3008192524321558,-0.5054868163360576,0.6144258795590773,False,-0.04039637765886154,negligible
hybrid_selected,content_based_selected,4.009216589861752,3.471582181259601,0.537634408602151,1.0922207002667943,0.27758805405644915,False,0.07382789282126959,negligible
collaborative_selected,content_based_selected,4.310035842293908,3.471582181259601,0.8384536610343067,1.144070979172421,0.25556218614344817,False,0.11682689205745385,negligible
content_based_selected,content_based_all,3.471582181259601,2.043010752688172,1.4285714285714288,2.890582769961794,0.004796721770893437,True,0.2495937489345748,small
collaborative_selected,collaborative_all,4.310035842293908,3.530465949820789,0.7795698924731185,2.2019564689017943,0.03016850818089973,True,0.1160873001919289,negligible
hybrid_selected,hybrid_all,4.009216589861752,3.118279569892473,0.8909370199692788,2.029649253967956,0.04528082761863884,True,0.13315466766221098,negligible
hybrid_selected,popularity_selected,4.009216589861752,4.009216589861752,0.0,0.0,1.0,False,0.0,negligible
hybrid_selected,random,4.009216589861752,0.21505376344086022,3.7941628264208918,4.690696566793362,9.433546676981726e-06,True,0.6979470928770184,medium
