algorithm_1,algorithm_2,mean_1,mean_2,mean_difference,t_statistic,p_value,significant,cohens_d,effect_size
hybrid_selected,collaborative_selected,19.220720347483297,18.62545561424967,0.5952647332336269,0.632221306684668,0.5285307766987479,False,0.0340104897884663,negligible
hybrid_selected,content_based_selected,19.220720347483297,14.8680521847981,4.352668162685196,3.381693769629024,0.000992857810110317,True,0.23797883532498337,small
collaborative_selected,content_based_selected,18.62545561424967,14.8680521847981,3.7574034294515695,2.1902395028290966,0.03057964532002879,True,0.22011886542754805,small
content_based_selected,content_based_all,14.8680521847981,7.596739826748369,7.271312358049732,6.08202719200087,1.687588614637106e-08,True,0.5046545507116099,medium
collaborative_selected,collaborative_all,18.62545561424967,16.40710292026866,2.2183526939810108,4.951269880019092,2.6264862863513948e-06,True,0.13831346893689045,negligible
hybrid_selected,hybrid_all,19.220720347483297,13.720283799529623,5.500436547953674,5.736914665566311,8.32607624338507e-08,True,0.3398385797340109,small
hybrid_selected,popularity_selected,19.220720347483297,15.5233108174347,3.6974095300485974,3.013195144875465,0.003197055468028418,True,0.20508947823438567,small
hybrid_selected,random,19.220720347483297,1.6271647365197088,17.593555610963588,9.699983949608209,1.6264963385576168e-16,True,1.3072271541770935,large
