,Recommendation Quality,Coverage of Liked,Safety-First Acceptance
content_based,0.04047619047619048,0.06719367588932806,0.5862068965517241
popularity,0.030952380952380953,0.05138339920948617,0.6842105263157895
hybrid,0.02857142857142857,0.04743083003952569,0.7058823529411765
collaborative,0.004878048780487805,0.007905138339920948,0.6666666666666666
random,0.004761904761904762,0.007905138339920948,0.6666666666666666
